<?xml version="1.0"?>
<MD_Metadata xmlns="http://www.isotc211.org/2005/gmd" xmlns:gco="http://www.isotc211.org/2005/gco" xmlns:gts="http://www.isotc211.org/2005/gts" xmlns:srv="http://www.isotc211.org/2005/srv" xmlns:gml="http://www.opengis.net/gml/3.2" xmlns:gmx="http://www.isotc211.org/2005/gmx" xmlns:xlink="http://www.w3.org/1999/xlink" xmlns:xsi="http://www.w3.org/2001/XMLSchema-instance">
	<characterSet>
		<MD_CharacterSetCode codeList="http://www.isotc211.org/2005/resources/Codelist/gmxCodelists.xml#MD_CharacterSetCode" codeListValue="utf8" codeSpace="ISOTC211/19115">utf8</MD_CharacterSetCode>
	</characterSet>
	<hierarchyLevel>
		<MD_ScopeCode codeList="http://www.isotc211.org/2005/resources/Codelist/gmxCodelists.xml#MD_ScopeCode" codeListValue="dataset" codeSpace="ISOTC211/19115">dataset</MD_ScopeCode>
	</hierarchyLevel>
	<hierarchyLevelName>
		<gco:CharacterString>dataset</gco:CharacterString>
	</hierarchyLevelName>
	<contact gco:nilReason="missing"/>
	<dateStamp gco:nilReason="missing"/>
	<metadataStandardName>
		<gco:CharacterString>ISO 19139 Geographic Information - Metadata - Implementation Specification</gco:CharacterString>
	</metadataStandardName>
	<metadataStandardVersion>
		<gco:CharacterString>2007</gco:CharacterString>
	</metadataStandardVersion>
	<identificationInfo>
		<MD_DataIdentification>
			<citation>
				<CI_Citation>
					<title>
						<gco:CharacterString>tweedsmuir_99_shrub_para</gco:CharacterString>
					</title>
					<date gco:nilReason="missing"/>
				</CI_Citation>
			</citation>
			<abstract>
				<gco:CharacterString>This layer shows the metric result of the mean perimeter-to-area ratio for shrubs in Tweedsmuir Park in 1999. </gco:CharacterString>
			</abstract>
			<purpose>
				<gco:CharacterString>Decadal landscape metrics analysis </gco:CharacterString>
			</purpose>
			<credit>
				<gco:CharacterString>Zhang, W. (2023). Decadal Grid Analysis of Landscape Metrics for Provincial Parks of British Columbia. https://doi.org/10.5683/SP3/XEY9WU, Borealis, V1

National Terrestrial Ecosystem Monitoring System (NTEMS). Land cover 1984-2019 Version 2. https://opendata.nfis.org/mapserver/nfis-change_eng.html

Parks and Protected Areas Regional Boundaries. BC Data Catalogue. https://catalogue.data.gov.bc.ca/dataset/parks-and-protected-areas-regional-boundaries
</gco:CharacterString>
			</credit>
			<descriptiveKeywords>
				<MD_Keywords>
					<keyword>
						<gco:CharacterString>results - mean perimeter-to-area ratio</gco:CharacterString>
					</keyword>
				</MD_Keywords>
			</descriptiveKeywords>
			<resourceConstraints>
				<MD_Constraints>
					<useLimitation>
						<gco:CharacterString>Acknowledge the item's source </gco:CharacterString>
					</useLimitation>
				</MD_Constraints>
			</resourceConstraints>
			<language gco:nilReason="missing"/>
			<characterSet>
				<MD_CharacterSetCode codeList="http://www.isotc211.org/2005/resources/Codelist/gmxCodelists.xml#MD_CharacterSetCode" codeListValue="utf8" codeSpace="ISOTC211/19115">utf8</MD_CharacterSetCode>
			</characterSet>
		</MD_DataIdentification>
	</identificationInfo>
</MD_Metadata>
